客户ID,年龄,性别,婚姻状态,子女支持,月养老金收入,可投资资产(万),医疗支出占比(%),是否有负债,风险问卷得分,投资经验年限,一年内大额支出,资金锁定期限(年),风险等级
CUST1000,87,女,已婚,有,3505,75,33,否,43,6,否,1,中风险
CUST1001,72,女,丧偶,无,2100,81,25,是,42,0,是,5,中风险
CUST1002,64,男,丧偶,无,4498,200,18,是,55,5,是,3,中风险
CUST1003,62,男,已婚,有,3692,0,44,否,11,22,否,1,低风险
CUST1004,69,女,丧偶,无,2142,290,76,否,63,1,否,1,高风险
CUST1005,75,男,未婚,有,3755,166,33,是,25,19,否,2,低风险
CUST1006,66,女,已婚,有,9114,15,71,是,68,2,否,0.5,高风险
CUST1007,54,女,丧偶,无,4246,45,76,否,72,3,否,3,高风险
CUST1008,74,女,离异,无,3907,98,39,是,96,1,是,3,高风险
CUST1009,72,女,已婚,有,9427,94,48,否,56,8,是,3,中风险
CUST1010,65,女,已婚,无,2722,208,78,是,62,6,是,1,高风险
CUST1011,74,女,丧偶,无,4096,499,46,否,5,10,否,1,低风险
CUST1012,68,女,丧偶,有,5151,373,29,是,38,23,否,0.5,中风险
CUST1013,83,女,离异,有,3781,286,76,否,92,7,否,1,高风险
CUST1014,69,男,已婚,有,6497,45,53,是,94,8,是,1,高风险
CUST1015,57,男,未婚,无,2871,205,47,否,44,21,否,5,中风险
CUST1016,73,女,已婚,无,2484,162,41,否,17,25,否,3,低风险
CUST1017,63,男,已婚,无,5088,14,32,否,17,2,否,5,低风险
CUST1018,65,女,丧偶,无,4819,74,62,否,66,0,是,3,高风险
CUST1019,82,男,已婚,无,4891,18,29,否,77,1,否,0.5,低风险
CUST1020,83,女,已婚,有,9720,15,72,是,52,8,是,2,低风险
CUST1021,63,女,已婚,有,4534,440,16,否,91,1,否,0.5,高风险
CUST1022,53,女,已婚,有,5505,28,67,是,47,4,否,0.5,中风险
CUST1023,53,女,已婚,有,3938,208,47,否,68,3,是,2,高风险
CUST1024,65,女,未婚,无,5205,71,37,是,39,2,否,2,中风险
CUST1025,74,男,已婚,无,2616,4,40,是,66,26,是,2,高风险
CUST1026,74,女,丧偶,有,2492,110,71,是,56,9,否,0.5,中风险
CUST1027,73,男,离异,有,5279,252,25,否,0,4,是,0.5,低风险
CUST1028,60,女,未婚,无,4558,6,60,否,52,1,否,0.5,中风险
CUST1029,65,女,已婚,有,4285,1,72,否,23,9,否,0.5,低风险
CUST1030,71,男,离异,有,5798,443,54,是,65,4,是,0.5,高风险
CUST1031,76,男,丧偶,有,5067,166,17,是,84,4,否,2,高风险
CUST1032,77,女,丧偶,有,2826,354,13,否,70,19,否,3,高风险
CUST1033,81,男,丧偶,无,2532,79,78,否,43,1,是,1,中风险
CUST1034,70,男,离异,有,2685,325,32,是,12,8,否,2,低风险
CUST1035,75,女,已婚,有,5279,20,39,否,76,7,否,0.5,高风险
CUST1036,50,女,丧偶,有,3657,6,79,否,77,23,否,5,高风险
CUST1037,65,女,丧偶,无,7959,6,70,否,52,5,否,1,中风险
CUST1038,77,女,离异,有,5731,1,70,否,93,0,否,3,高风险
CUST1039,88,女,未婚,有,3634,5,26,否,58,25,否,5,低风险
CUST1040,54,女,已婚,有,5950,400,38,否,55,8,否,3,中风险
CUST1041,52,男,未婚,有,8148,192,48,是,47,16,否,0.5,中风险
CUST1042,89,女,已婚,有,2767,37,36,否,9,22,是,2,低风险
CUST1043,57,男,已婚,无,8878,15,12,否,88,24,否,0.5,高风险
CUST1044,89,女,已婚,有,3149,3,12,是,76,8,否,0.5,低风险
CUST1045,70,女,已婚,有,4339,17,15,否,8,29,否,0.5,低风险
CUST1046,85,女,丧偶,无,8148,67,62,否,36,3,否,5,低风险
CUST1047,81,男,已婚,有,4896,4,31,否,64,6,是,5,低风险
CUST1048,74,女,已婚,有,5445,44,67,是,92,2,否,0.5,高风险
CUST1049,74,女,未婚,有,6566,99,39,否,25,16,否,1,低风险
CUST1050,66,男,离异,无,5820,128,47,否,81,0,否,5,高风险
CUST1051,81,男,离异,有,4491,295,25,是,51,16,是,1,中风险
CUST1052,88,女,离异,无,4761,281,44,否,43,1,是,1,中风险
CUST1053,83,男,丧偶,无,5905,389,22,否,57,13,否,1,中风险
CUST1054,72,女,已婚,有,3612,215,17,否,42,9,否,3,中风险
CUST1055,76,男,已婚,无,9363,84,25,是,66,19,是,1,高风险
CUST1056,81,男,丧偶,有,4107,14,14,否,2,6,是,3,低风险
CUST1057,87,女,已婚,有,8704,71,58,否,85,8,是,1,高风险
CUST1058,76,男,丧偶,无,4717,7,49,否,95,4,是,0.5,高风险
CUST1059,74,女,已婚,无,2153,32,22,否,69,17,是,1,高风险
CUST1060,54,男,已婚,无,2304,2,27,否,90,7,否,0.5,高风险
CUST1061,73,男,丧偶,有,4362,65,55,是,91,2,否,1,高风险
CUST1062,85,女,丧偶,有,3153,497,53,否,26,5,是,0.5,低风险
CUST1063,74,女,丧偶,无,4918,14,71,是,71,5,否,3,高风险
CUST1064,53,女,丧偶,有,5077,42,30,否,32,0,是,1,中风险
CUST1065,88,女,已婚,有,9337,45,28,是,68,17,是,3,高风险
CUST1066,63,女,已婚,有,4451,24,22,否,32,8,是,5,中风险
CUST1067,51,男,离异,有,8971,50,46,否,23,6,否,3,低风险
CUST1068,84,男,丧偶,无,8941,497,19,否,33,0,是,5,中风险
CUST1069,79,女,已婚,有,7926,14,35,是,91,1,否,2,高风险
CUST1070,87,女,离异,无,6786,48,31,是,55,4,是,0.5,中风险
CUST1071,68,女,已婚,有,6283,323,42,是,70,8,是,5,高风险
CUST1072,62,男,已婚,无,9270,118,75,否,77,4,是,3,高风险
CUST1073,79,男,已婚,有,7177,106,53,是,33,0,否,3,低风险
CUST1074,86,女,丧偶,有,4294,226,72,是,38,12,否,2,低风险
CUST1075,57,女,丧偶,有,6723,6,44,是,56,20,否,2,中风险
CUST1076,50,女,已婚,有,4333,246,19,否,84,1,是,0.5,高风险
CUST1077,74,女,离异,有,6530,60,31,是,22,5,是,2,低风险
CUST1078,62,女,已婚,无,2955,3,75,是,63,4,是,0.5,高风险
CUST1079,89,男,已婚,无,3462,65,42,是,29,4,是,0.5,低风险
CUST1080,79,男,已婚,有,2955,49,41,否,73,11,否,2,高风险
CUST1081,85,男,已婚,有,3232,12,44,否,16,12,是,1,低风险
CUST1082,66,男,已婚,有,3681,343,75,否,12,9,是,0.5,低风险
CUST1083,52,女,丧偶,有,9409,17,78,否,81,19,否,3,高风险
CUST1084,79,女,离异,无,2870,42,34,否,76,8,否,3,高风险
CUST1085,56,女,丧偶,无,3781,57,42,否,58,5,否,2,中风险
CUST1086,56,男,已婚,有,5727,60,11,否,53,1,是,1,中风险
CUST1087,56,男,已婚,有,2111,15,30,否,39,13,否,5,中风险
CUST1088,68,男,已婚,有,2929,5,35,否,64,2,是,0.5,高风险
CUST1089,70,男,已婚,无,5952,373,60,否,52,5,否,2,中风险
CUST1090,59,女,离异,有,6530,41,76,否,51,8,否,0.5,中风险
CUST1091,63,男,已婚,无,6497,10,25,否,92,13,否,1,高风险
CUST1092,78,女,丧偶,无,5024,97,49,否,12,7,是,2,低风险
CUST1093,82,男,离异,有,4847,487,38,是,32,4,否,2,中风险
CUST1094,52,男,已婚,无,5223,48,34,是,73,22,是,0.5,高风险
CUST1095,52,男,离异,有,3149,194,48,否,32,20,否,0.5,中风险
CUST1096,78,女,丧偶,无,4998,0,24,是,85,8,否,1,高风险
CUST1097,65,女,丧偶,有,4596,297,29,否,72,0,否,1,高风险
CUST1098,59,男,丧偶,有,9426,267,41,是,72,16,否,2,高风险
CUST1099,63,男,已婚,无,4107,17,35,是,2,8,否,1,低风险
CUST1100,69,女,已婚,无,6556,8,19,否,59,2,是,1,中风险
CUST1101,76,男,已婚,无,2645,39,67,否,81,9,否,0.5,高风险
CUST1102,67,男,已婚,有,5102,234,50,否,65,17,否,0.5,高风险
CUST1103,67,女,丧偶,无,6055,33,33,是,18,1,否,2,低风险
CUST1104,73,女,已婚,有,5350,44,52,是,7,2,否,2,低风险
CUST1105,60,男,未婚,无,4537,140,38,否,82,19,否,0.5,高风险
CUST1106,67,女,丧偶,有,4707,372,68,否,3,5,是,0.5,低风险
CUST1107,72,女,已婚,无,7203,10,27,否,55,23,否,2,中风险
CUST1108,78,男,已婚,无,4918,213,29,否,70,1,是,0.5,高风险
CUST1109,80,女,离异,无,4673,79,75,否,30,18,否,1,低风险
CUST1110,67,女,离异,有,3749,11,18,否,88,12,否,1,高风险
CUST1111,77,男,丧偶,有,2014,126,31,否,93,5,是,0.5,高风险
CUST1112,74,男,已婚,无,3822,12,52,是,42,3,否,0.5,中风险
CUST1113,60,男,已婚,有,9191,76,31,否,13,20,否,3,低风险
CUST1114,82,女,已婚,无,4326,52,52,否,69,2,否,2,高风险
CUST1115,65,男,已婚,有,6091,108,35,是,99,8,是,2,高风险
CUST1116,56,女,离异,有,5720,12,46,否,6,0,是,1,低风险
CUST1117,80,女,丧偶,无,2172,465,73,是,39,1,否,2,低风险
CUST1118,62,男,丧偶,无,4761,286,23,否,80,8,是,5,高风险
CUST1119,83,女,离异,有,9003,130,30,是,86,8,否,2,高风险
CUST1120,73,男,丧偶,有,4502,4,62,否,47,9,否,0.5,中风险
CUST1121,88,女,已婚,有,9168,2,40,是,42,21,是,2,低风险
CUST1122,81,女,已婚,无,7722,63,22,否,57,2,否,1,中风险
CUST1123,51,男,未婚,有,9959,19,44,否,92,23,否,2,高风险
CUST1124,89,女,已婚,无,4326,17,17,否,61,16,否,1,低风险
CUST1125,70,男,未婚,无,3565,217,48,否,69,29,是,3,高风险
CUST1126,82,男,离异,有,4190,11,75,否,58,23,否,2,低风险
CUST1127,59,男,已婚,无,4960,60,20,否,55,0,是,0.5,中风险
CUST1128,71,男,丧偶,有,4500,63,45,是,77,10,否,0.5,高风险
CUST1129,89,女,离异,有,2628,86,68,是,47,16,是,1,中风险
CUST1130,87,男,丧偶,无,2893,389,50,是,18,0,否,0.5,低风险
CUST1131,51,男,未婚,有,6558,21,24,是,7,2,否,1,低风险
CUST1132,75,女,未婚,有,3628,8,63,否,54,2,否,1,中风险
CUST1133,65,男,已婚,有,8959,0,55,是,21,26,否,1,低风险
CUST1134,66,女,已婚,有,3284,255,39,否,59,1,是,5,中风险
CUST1135,78,女,未婚,有,4013,5,48,否,45,6,否,1,中风险
CUST1136,80,女,丧偶,无,4339,462,36,否,55,8,是,0.5,中风险
CUST1137,89,男,已婚,无,3351,319,68,否,74,7,是,0.5,高风险
CUST1138,83,男,已婚,无,3755,38,42,否,25,2,是,1,低风险
CUST1139,74,男,丧偶,有,6703,9,19,是,60,22,否,0.5,高风险
CUST1140,78,女,未婚,有,5458,14,17,是,57,19,否,2,中风险
CUST1141,62,男,离异,有,3425,13,66,否,42,0,否,0.5,中风险
CUST1142,72,男,丧偶,有,5458,52,30,否,76,18,否,2,高风险
CUST1143,66,女,已婚,有,7105,44,52,否,43,5,否,3,中风险
CUST1144,56,女,已婚,有,5614,16,77,否,58,3,否,0.5,中风险
CUST1145,54,男,离异,有,4592,62,42,否,46,1,是,1,中风险
CUST1146,55,男,已婚,有,4558,14,13,否,60,7,否,1,高风险
CUST1147,73,女,已婚,无,4752,1,60,是,77,5,是,3,高风险
CUST1148,75,男,已婚,无,4451,352,22,否,5,3,是,1,低风险
CUST1149,89,女,丧偶,无,3907,305,77,否,87,20,否,2,高风险
CUST1150,56,女,未婚,无,2231,497,43,是,19,1,否,3,低风险
CUST1151,89,男,已婚,无,3351,86,62,是,39,5,否,2,低风险
CUST1152,52,女,已婚,有,6486,83,10,否,78,2,是,1,高风险
CUST1153,79,男,丧偶,有,5957,1,66,否,78,7,是,0.5,高风险
CUST1154,69,男,未婚,无,2284,0,45,是,95,0,否,2,高风险
CUST1155,61,女,已婚,无,3411,123,15,否,2,8,否,3,低风险
CUST1156,58,女,已婚,无,6805,12,16,是,82,0,是,5,高风险
CUST1157,73,女,已婚,无,8489,200,39,否,32,3,否,5,中风险
CUST1158,72,女,离异,有,3523,381,72,是,70,21,是,3,高风险
CUST1159,79,男,已婚,无,3942,463,35,否,69,1,是,2,高风险
CUST1160,74,男,已婚,无,9447,287,34,否,55,19,是,3,中风险
CUST1161,82,男,丧偶,有,2000,2,27,否,95,19,否,1,低风险
CUST1162,66,男,离异,无,4983,85,39,是,0,4,否,2,低风险
CUST1163,78,男,已婚,有,2833,495,48,否,46,6,是,1,中风险
CUST1164,83,男,离异,无,7206,17,32,否,8,17,否,1,低风险
CUST1165,84,男,已婚,无,6343,470,19,否,19,27,否,3,低风险
CUST1166,88,男,丧偶,有,5505,183,43,否,43,2,否,1,中风险
CUST1167,72,女,已婚,无,2100,238,69,否,56,3,否,0.5,中风险
CUST1168,67,女,丧偶,有,6729,2,23,否,57,2,是,0.5,中风险
CUST1169,79,男,已婚,无,8334,35,59,是,65,6,否,3,高风险
CUST1170,83,女,离异,有,9001,0,47,是,86,26,否,2,低风险
CUST1171,74,女,丧偶,无,9698,65,19,否,68,13,是,1,高风险
CUST1172,71,男,丧偶,有,5276,185,43,是,39,5,否,1,中风险
CUST1173,75,女,离异,无,9276,69,24,否,48,5,否,1,中风险
CUST1174,70,女,离异,有,9720,382,45,否,52,7,否,0.5,中风险
CUST1175,82,女,已婚,无,3759,72,75,否,57,2,否,1,中风险
CUST1176,73,男,已婚,无,3212,4,39,是,61,5,是,3,高风险
CUST1177,60,女,未婚,无,4125,0,38,是,86,23,否,1,高风险
CUST1178,84,男,已婚,无,3352,14,61,否,74,16,是,1,低风险
CUST1179,65,女,丧偶,无,3692,53,47,否,83,1,是,0.5,高风险
CUST1180,83,女,未婚,有,6723,16,46,否,76,14,否,1,低风险
CUST1181,78,女,已婚,有,4051,22,53,是,48,0,否,0.5,中风险
CUST1182,84,女,丧偶,有,9161,44,25,是,40,8,否,2,中风险
CUST1183,68,女,已婚,无,6100,1,36,是,68,23,是,1,高风险
CUST1184,86,男,丧偶,无,3985,421,29,否,55,2,否,3,中风险
CUST1185,50,男,已婚,有,7552,57,35,是,49,6,否,2,中风险
CUST1186,66,女,已婚,无,8762,6,59,是,21,3,否,1,低风险
CUST1187,72,男,丧偶,无,9644,17,39,是,54,0,否,1,中风险
CUST1188,78,男,离异,无,2000,6,23,是,63,26,否,2,高风险
CUST1189,69,男,离异,有,3692,24,29,否,77,18,否,0.5,高风险
CUST1190,59,男,丧偶,有,3490,8,19,否,23,0,是,2,低风险
CUST1191,81,女,已婚,有,6665,88,41,是,14,0,是,5,低风险
CUST1192,69,女,丧偶,无,4002,68,69,是,45,6,否,0.5,中风险
CUST1193,84,女,已婚,有,4326,81,28,是,25,5,否,2,低风险
CUST1194,59,女,未婚,有,6040,70,78,是,81,0,是,3,高风险
CUST1195,70,女,离异,无,5720,15,63,是,12,2,否,1,低风险
CUST1196,79,男,丧偶,无,5188,76,27,否,33,9,否,2,中风险
CUST1197,89,女,未婚,无,3490,93,20,是,64,4,否,1,高风险
CUST1198,60,男,已婚,有,2565,39,53,是,65,21,是,1,高风险
CUST1199,60,女,丧偶,有,3850,79,47,否,58,2,否,2,中风险
CUST1200,64,女,已婚,无,2545,13,16,否,56,29,否,2,中风险
CUST1201,89,男,未婚,有,5858,13,25,否,64,17,是,5,低风险
CUST1202,63,女,已婚,有,5302,85,48,否,90,24,是,0.5,高风险
CUST1203,72,女,丧偶,有,8858,4,25,否,92,1,否,1,高风险
CUST1204,74,女,离异,有,2182,32,33,否,52,8,否,0.5,中风险
CUST1205,89,男,已婚,有,3515,15,67,是,60,14,否,0.5,低风险
CUST1206,53,女,已婚,有,4401,463,66,否,43,3,否,1,中风险
CUST1207,83,女,离异,有,6365,235,41,是,89,9,是,1,高风险
CUST1208,66,男,已婚,有,5296,69,32,否,26,29,否,0.5,低风险
CUST1209,81,男,已婚,无,8857,3,43,否,98,12,是,0.5,低风险
CUST1210,62,女,已婚,有,7705,202,79,否,36,0,是,1,低风险
CUST1211,75,男,已婚,无,4501,42,40,否,99,4,是,5,高风险
CUST1212,64,女,离异,有,4709,65,75,否,52,10,是,3,中风险
CUST1213,78,女,丧偶,有,9598,17,55,否,47,23,否,0.5,中风险
CUST1214,89,女,已婚,无,2344,36,33,否,62,2,否,3,高风险
CUST1215,66,男,已婚,有,4458,7,39,否,44,0,否,2,中风险
CUST1216,59,女,已婚,有,6566,28,40,否,90,24,否,3,高风险
CUST1217,87,男,已婚,有,4493,440,18,否,63,25,否,1,高风险
CUST1218,81,男,已婚,无,4901,17,44,否,10,0,否,1,低风险
CUST1219,51,女,已婚,有,4707,465,11,否,56,9,否,3,中风险
CUST1220,58,男,已婚,有,6407,233,35,是,76,2,否,0.5,高风险
CUST1221,63,男,丧偶,无,4002,255,46,否,10,3,是,5,低风险
CUST1222,82,女,已婚,有,4847,3,38,否,68,20,是,3,低风险
CUST1223,83,男,丧偶,有,3510,452,33,否,15,1,是,5,低风险
CUST1224,87,男,丧偶,有,3644,43,62,否,90,1,否,1,高风险
CUST1225,55,女,丧偶,无,2664,68,43,否,77,9,否,0.5,高风险
CUST1226,56,女,丧偶,有,2798,5,49,是,64,28,是,1,高风险
CUST1227,87,女,丧偶,有,3341,60,64,是,79,8,是,5,高风险
CUST1228,82,男,离异,有,3097,9,20,是,45,0,是,1,低风险
CUST1229,85,男,丧偶,无,2652,191,47,是,72,8,否,2,高风险
CUST1230,76,男,丧偶,有,9836,6,42,否,63,26,是,1,高风险
CUST1231,57,男,离异,无,5821,328,18,否,88,25,是,1,高风险
CUST1232,70,女,丧偶,有,8276,48,72,否,98,8,是,0.5,高风险
CUST1233,85,男,已婚,无,4397,373,63,否,58,8,否,1,中风险
CUST1234,71,男,已婚,无,8321,96,25,是,77,4,否,3,高风险
CUST1235,58,女,已婚,有,3526,63,57,是,0,8,否,0.5,低风险
CUST1236,62,女,离异,有,8511,26,53,否,20,1,是,3,低风险
CUST1237,78,女,丧偶,有,2324,18,44,是,72,16,否,2,高风险
CUST1238,53,男,未婚,有,7759,248,20,是,82,0,是,2,高风险
CUST1239,84,男,丧偶,无,9854,22,35,否,13,3,是,2,低风险
CUST1240,78,男,已婚,有,3406,17,34,是,39,5,否,0.5,中风险
CUST1241,86,男,已婚,有,7952,6,53,否,59,2,是,1,低风险
CUST1242,76,女,丧偶,有,3307,305,65,是,85,29,否,3,高风险
CUST1243,89,女,丧偶,无,3296,270,38,是,66,0,是,1,高风险
CUST1244,88,女,未婚,有,5058,72,76,是,93,4,是,1,高风险
CUST1245,86,女,已婚,有,8626,37,34,是,70,4,否,0.5,高风险
CUST1246,60,男,丧偶,有,6585,89,33,否,99,0,否,2,高风险
CUST1247,59,女,丧偶,无,3353,6,25,否,18,19,否,1,低风险
CUST1248,54,男,丧偶,无,8121,4,35,否,58,2,否,1,中风险
CUST1249,57,女,丧偶,有,4362,52,32,否,61,29,否,0.5,高风险
CUST1250,68,女,离异,有,8865,79,75,否,0,0,否,5,低风险
CUST1251,86,男,已婚,有,8915,15,65,否,53,29,否,1,低风险
CUST1252,73,男,丧偶,有,5858,58,48,是,45,8,是,2,中风险
CUST1253,65,女,丧偶,无,2000,80,17,否,67,8,是,2,高风险
CUST1254,75,男,离异,无,2014,63,36,否,6,4,否,3,低风险
CUST1255,80,男,离异,有,2244,403,35,否,55,0,是,0.5,中风险
CUST1256,75,男,已婚,无,4013,9,76,否,39,0,是,3,低风险
CUST1257,61,女,已婚,有,4385,30,42,是,84,0,是,1,高风险
CUST1258,81,女,未婚,无,2178,4,62,是,60,24,是,1,低风险
CUST1259,64,女,丧偶,无,3836,33,33,否,54,4,是,2,中风险
CUST1260,52,男,未婚,有,5455,405,23,是,47,9,是,3,中风险
CUST1261,73,女,已婚,无,9188,12,72,是,5,1,是,2,低风险
CUST1262,84,男,丧偶,有,2547,255,41,是,22,3,是,3,低风险
CUST1263,76,女,离异,有,2044,2,78,是,85,5,否,0.5,高风险
CUST1264,74,女,未婚,有,5137,80,15,是,6,7,是,5,低风险
CUST1265,77,男,已婚,有,7898,37,23,否,9,1,否,0.5,低风险
CUST1266,69,男,丧偶,无,4547,125,55,否,45,0,否,2,中风险
CUST1267,85,男,丧偶,无,3577,5,65,否,85,1,否,1,低风险
CUST1268,75,男,已婚,无,3030,72,25,是,5,0,否,1,低风险
CUST1269,50,男,丧偶,无,5522,71,31,是,79,6,是,1,高风险
CUST1270,64,女,丧偶,无,8915,95,22,否,4,0,是,1,低风险
CUST1271,87,女,未婚,有,7102,21,42,否,65,9,否,0.5,低风险
CUST1272,86,男,已婚,有,3779,241,45,否,65,4,是,1,高风险
CUST1273,78,男,已婚,有,5104,84,43,否,44,2,否,0.5,中风险
CUST1274,75,男,已婚,无,5181,41,39,是,95,2,否,2,高风险
CUST1275,71,女,已婚,无,4424,0,30,否,92,9,是,0.5,高风险
CUST1276,70,男,已婚,有,4124,65,60,否,4,3,否,0.5,低风险
CUST1277,80,女,离异,无,8605,7,69,是,69,9,否,0.5,高风险
CUST1278,78,女,已婚,无,9276,16,10,否,9,2,是,1,低风险
CUST1279,52,女,未婚,有,2545,87,26,否,24,1,是,3,低风险
CUST1280,89,女,未婚,有,4064,14,62,是,79,1,否,5,低风险
CUST1281,58,男,丧偶,有,7157,2,46,是,44,7,否,0.5,中风险
CUST1282,59,女,未婚,有,8349,82,19,是,14,1,是,2,低风险
CUST1283,84,男,离异,有,3189,32,13,否,42,17,是,2,中风险
CUST1284,52,男,丧偶,有,9879,29,26,是,65,18,否,1,高风险
CUST1285,62,女,已婚,有,2344,431,19,是,59,0,否,2,中风险
CUST1286,85,女,已婚,有,3122,7,49,是,32,28,否,0.5,低风险
CUST1287,56,女,丧偶,无,2342,61,18,否,88,1,否,1,高风险
CUST1288,74,男,离异,有,2989,5,13,否,5,4,是,1,低风险
CUST1289,54,男,已婚,无,9192,340,30,否,90,7,否,0.5,高风险
CUST1290,82,女,离异,有,2972,21,66,是,57,5,否,2,低风险
CUST1291,75,男,丧偶,有,2787,39,25,否,99,24,否,1,高风险
CUST1292,88,女,已婚,无,5908,50,50,否,13,6,是,0.5,低风险
CUST1293,66,女,未婚,有,4051,408,30,否,46,3,是,1,中风险
CUST1294,53,女,丧偶,有,9672,378,75,否,37,3,否,3,低风险
CUST1295,79,男,已婚,无,7157,79,24,否,14,9,是,3,低风险
CUST1296,89,女,丧偶,有,4333,76,63,否,78,8,否,2,高风险
CUST1297,73,男,已婚,有,4188,32,50,是,72,3,是,1,高风险
CUST1298,81,女,丧偶,有,5449,262,72,否,36,8,是,2,低风险
CUST1299,67,女,已婚,有,5952,0,38,否,7,3,是,1,低风险
CUST1300,79,女,已婚,有,6116,22,11,否,88,8,否,0.5,高风险
CUST1301,58,男,未婚,有,9085,202,38,否,43,27,否,1,中风险
CUST1302,71,女,丧偶,无,3153,381,60,否,66,1,否,1,高风险
CUST1303,68,男,已婚,无,5067,49,57,是,31,18,否,2,低风险
CUST1304,59,男,已婚,无,5358,53,38,是,51,9,是,5,中风险
CUST1305,85,男,未婚,无,3876,77,40,否,52,6,是,3,中风险
CUST1306,85,女,已婚,无,4813,248,38,否,81,2,否,0.5,高风险
CUST1307,87,女,已婚,有,5073,14,30,是,54,24,否,0.5,低风险
CUST1308,82,女,已婚,无,7983,32,10,是,32,0,否,0.5,中风险
CUST1309,71,男,已婚,无,4064,309,38,否,67,8,否,2,高风险
CUST1310,80,男,离异,无,7465,10,33,否,53,9,是,2,中风险
CUST1311,76,女,丧偶,有,3191,89,51,否,44,3,是,5,中风险
CUST1312,70,男,已婚,有,6147,24,74,否,27,23,否,1,低风险
CUST1313,72,女,丧偶,有,5380,6,71,否,57,9,是,3,中风险
CUST1314,72,女,已婚,无,5118,92,66,否,96,0,是,2,高风险
CUST1315,83,女,未婚,有,3030,14,46,否,91,0,否,3,低风险
CUST1316,71,女,未婚,无,2616,18,45,否,55,1,是,2,中风险
CUST1317,56,女,已婚,有,9003,2,24,否,60,0,否,2,高风险
CUST1318,70,男,离异,有,7203,17,71,否,65,17,是,2,高风险
CUST1319,60,男,离异,有,9447,5,27,否,59,8,否,2,中风险
CUST1320,61,女,已婚,有,6847,3,49,否,22,6,否,1,低风险
CUST1321,89,女,已婚,有,4950,52,52,是,2,16,否,0.5,低风险
CUST1322,62,男,已婚,有,9701,422,12,是,98,5,否,0.5,高风险
CUST1323,59,男,离异,无,2295,15,75,是,46,25,是,1,中风险
CUST1324,78,男,未婚,有,4852,96,16,是,68,17,否,2,高风险
CUST1325,86,女,离异,有,3560,63,48,是,28,10,否,0.5,低风险
CUST1326,63,女,离异,无,7751,248,26,是,62,3,否,0.5,高风险
CUST1327,77,女,丧偶,无,5116,1,60,否,51,25,是,1,中风险
CUST1328,50,男,离异,无,4658,389,38,否,16,20,是,2,低风险
CUST1329,57,女,离异,有,2215,245,25,是,23,1,是,0.5,低风险
CUST1330,66,女,已婚,无,9447,298,63,否,57,1,否,0.5,中风险
CUST1331,63,男,丧偶,无,4227,19,36,否,23,8,是,0.5,低风险
CUST1332,72,男,离异,有,2466,85,76,否,55,18,否,0.5,中风险
CUST1333,71,男,已婚,有,2466,75,10,否,72,1,否,3,高风险
CUST1334,83,男,离异,有,2143,37,38,是,58,8,否,0.5,中风险
CUST1335,76,女,已婚,有,5306,95,55,是,96,0,否,2,高风险
CUST1336,81,女,丧偶,无,9192,248,20,否,72,6,是,2,高风险
CUST1337,89,女,离异,有,5857,90,19,是,39,9,否,5,中风险
CUST1338,74,男,已婚,无,4658,21,11,否,81,5,否,0.5,高风险
CUST1339,55,男,已婚,有,5703,64,59,否,41,5,否,0.5,中风险
CUST1340,84,女,已婚,有,3031,141,28,是,43,9,否,0.5,中风险
CUST1341,51,男,离异,有,6077,7,14,是,85,6,是,0.5,高风险
CUST1342,57,女,已婚,有,2747,334,40,是,96,0,是,2,高风险
CUST1343,50,女,未婚,无,3030,96,72,否,32,8,否,0.5,低风险
CUST1344,80,女,已婚,无,2220,88,48,否,70,8,否,0.5,高风险
CUST1345,72,女,未婚,有,5137,51,33,是,49,6,是,3,中风险
CUST1346,85,男,未婚,有,4382,14,19,是,15,8,是,2,低风险
CUST1347,80,男,已婚,有,5861,140,17,是,96,9,是,0.5,高风险
CUST1348,54,男,丧偶,无,8865,46,44,是,33,3,否,0.5,中风险
CUST1349,79,女,已婚,有,6091,4,40,否,60,7,否,0.5,高风险
CUST1350,79,男,丧偶,有,4549,454,24,是,55,13,否,5,中风险
CUST1351,54,男,已婚,无,3082,0,23,否,5,26,否,3,低风险
CUST1352,70,女,已婚,无,8869,83,66,否,77,9,是,3,高风险
CUST1353,62,男,已婚,有,4470,74,20,是,83,22,是,5,高风险
CUST1354,64,男,已婚,有,4891,152,18,否,83,6,否,1,高风险
CUST1355,87,男,已婚,无,3178,75,60,否,23,21,否,0.5,低风险
CUST1356,81,女,丧偶,无,5340,63,19,否,64,29,是,1,高风险
CUST1357,89,女,未婚,有,8334,5,75,否,47,6,否,2,低风险
CUST1358,82,女,已婚,无,4657,13,27,否,67,3,否,3,低风险
CUST1359,61,男,丧偶,无,4498,72,13,否,44,2,否,1,中风险
CUST1360,76,女,已婚,有,7577,12,37,是,81,17,是,1,高风险
CUST1361,89,女,离异,有,7584,23,19,否,49,28,是,5,低风险
CUST1362,55,男,未婚,有,9698,361,10,否,51,8,是,0.5,中风险
CUST1363,79,女,离异,无,4026,5,26,否,4,28,否,3,低风险
CUST1364,68,男,未婚,有,2077,8,35,否,53,13,否,0.5,中风险
CUST1365,80,女,已婚,无,4386,264,15,否,66,6,是,1,高风险
CUST1366,82,女,离异,无,2550,41,46,否,25,29,是,0.5,低风险
CUST1367,84,男,离异,有,2870,5,18,是,67,6,否,2,低风险
CUST1368,70,女,已婚,无,4215,325,52,否,20,8,否,2,低风险
CUST1369,60,女,未婚,无,7716,15,41,否,78,5,否,1,高风险
CUST1370,54,女,已婚,有,3515,0,20,否,21,23,是,3,低风险
CUST1371,74,男,丧偶,有,9085,288,41,否,1,24,否,2,低风险
CUST1372,64,男,已婚,有,5826,328,38,否,67,19,是,2,高风险
CUST1373,61,男,已婚,无,4896,11,41,否,61,9,是,0.5,高风险
CUST1374,72,女,丧偶,无,5521,52,21,是,53,0,否,3,中风险
CUST1375,84,男,丧偶,有,5605,17,22,否,71,12,是,0.5,低风险
CUST1376,73,女,已婚,无,5407,21,19,否,36,0,是,0.5,中风险
CUST1377,87,女,已婚,有,4553,497,66,否,36,0,否,0.5,低风险
CUST1378,79,男,离异,有,3522,35,59,否,26,0,是,1,低风险
CUST1379,88,女,已婚,有,3526,0,48,否,46,2,否,3,低风险
CUST1380,70,男,已婚,有,4339,138,11,是,56,23,是,0.5,中风险
CUST1381,77,女,未婚,有,8321,116,38,是,56,3,否,1,中风险
CUST1382,82,女,离异,有,3229,88,42,否,6,0,是,3,低风险
CUST1383,50,男,已婚,有,4881,427,68,是,32,7,否,2,低风险
CUST1384,70,男,离异,无,2722,15,20,是,90,2,是,3,高风险
CUST1385,66,男,离异,有,5392,71,10,是,33,11,否,0.5,中风险
CUST1386,63,女,离异,有,2273,11,29,否,78,23,否,2,高风险
CUST1387,77,女,丧偶,有,3398,8,29,是,52,9,是,0.5,中风险
CUST1388,74,女,已婚,无,3001,5,50,否,25,17,是,5,低风险
CUST1389,85,男,已婚,有,6666,498,44,否,1,2,否,2,低风险
CUST1390,83,男,已婚,有,5223,5,38,否,97,1,否,2,低风险
CUST1391,81,男,丧偶,无,4125,281,75,否,65,29,是,0.5,高风险
CUST1392,50,女,已婚,有,5937,492,38,是,54,5,是,0.5,中风险
CUST1393,55,女,丧偶,有,4701,75,46,否,31,13,是,0.5,中风险
CUST1394,50,男,已婚,无,4813,313,49,否,70,7,是,1,高风险
CUST1395,67,男,已婚,有,4750,433,65,否,64,23,否,0.5,高风险
CUST1396,55,女,离异,有,5372,70,30,否,23,17,否,2,低风险
CUST1397,54,女,已婚,有,8234,215,51,否,73,22,否,0.5,高风险
CUST1398,74,女,已婚,有,2215,15,41,是,60,6,否,3,高风险
CUST1399,82,女,离异,有,4111,9,44,是,91,29,否,0.5,低风险
CUST1400,70,男,已婚,有,2178,10,48,否,57,5,否,0.5,中风险
CUST1401,84,男,丧偶,有,5223,58,79,否,52,2,是,3,中风险
CUST1402,82,女,离异,有,4918,463,59,是,11,18,是,2,低风险
CUST1403,74,女,已婚,无,5259,64,66,否,9,8,否,1,低风险
CUST1404,53,男,离异,有,2648,9,10,否,0,1,是,0.5,低风险
CUST1405,65,女,丧偶,有,9035,9,23,是,25,4,是,2,低风险
CUST1406,88,女,已婚,无,7141,318,13,否,79,6,是,1,高风险
CUST1407,84,女,已婚,无,6734,207,60,否,64,8,是,1,高风险
CUST1408,78,女,已婚,有,9427,74,15,否,42,4,否,2,中风险
CUST1409,64,男,未婚,无,9191,462,68,否,15,7,否,1,低风险
CUST1410,60,女,已婚,有,3098,3,73,否,85,9,是,0.5,高风险
CUST1411,80,女,丧偶,有,3490,495,65,否,97,2,是,5,高风险
CUST1412,70,女,丧偶,无,9276,493,49,是,7,3,否,3,低风险
CUST1413,50,女,丧偶,有,5910,74,30,是,17,25,是,0.5,低风险
CUST1414,57,女,已婚,有,5117,89,14,否,67,3,否,1,高风险
CUST1415,85,男,已婚,有,3001,118,72,是,54,4,否,0.5,中风险
CUST1416,85,女,丧偶,有,8971,39,18,否,82,9,是,3,高风险
CUST1417,78,女,已婚,有,4657,1,31,否,79,2,否,2,高风险
CUST1418,88,女,已婚,无,4082,383,22,否,99,4,否,0.5,高风险
CUST1419,71,女,已婚,有,4707,28,19,否,27,1,是,0.5,低风险
CUST1420,70,女,已婚,无,5229,79,46,否,37,9,是,0.5,中风险
CUST1421,56,女,离异,有,7598,202,41,是,40,1,否,1,中风险
CUST1422,61,女,已婚,无,6089,111,42,是,55,0,是,2,中风险
CUST1423,77,男,已婚,无,5041,211,38,否,4,9,否,0.5,低风险
CUST1424,62,男,已婚,无,2490,12,44,否,44,9,否,0.5,中风险
CUST1425,65,女,丧偶,有,4060,16,47,否,58,8,是,1,中风险
CUST1426,74,女,丧偶,有,3515,99,59,否,63,6,是,0.5,高风险
CUST1427,57,男,已婚,有,2273,185,23,否,22,16,否,1,低风险
CUST1428,89,男,离异,无,9408,48,38,否,22,0,否,2,低风险
CUST1429,75,女,丧偶,无,9565,88,49,否,73,25,否,2,高风险
CUST1430,83,男,离异,有,6154,5,33,是,78,25,否,5,低风险
CUST1431,82,男,离异,有,4756,42,30,否,98,8,否,5,高风险
CUST1432,59,男,已婚,有,3030,28,38,是,0,28,是,2,低风险
CUST1433,78,男,已婚,无,5807,0,61,否,63,4,否,2,高风险
CUST1434,72,男,已婚,有,4938,35,32,是,23,2,否,5,低风险
CUST1435,78,男,已婚,无,2885,18,65,否,11,0,否,0.5,低风险
CUST1436,70,男,未婚,无,3521,427,40,是,93,4,否,0.5,高风险
CUST1437,54,女,已婚,有,4210,2,22,是,60,8,否,0.5,高风险
CUST1438,76,女,已婚,有,4382,6,19,否,60,7,否,2,高风险
CUST1439,69,女,离异,有,5522,215,27,否,34,9,是,3,中风险
CUST1440,58,男,丧偶,有,4788,96,19,是,81,28,否,1,高风险
CUST1441,81,男,已婚,有,3938,289,76,是,61,1,是,1,高风险
CUST1442,72,女,已婚,有,6530,42,47,否,88,5,是,1,高风险
CUST1443,74,男,已婚,无,9161,0,38,否,34,0,否,0.5,中风险
CUST1444,75,女,离异,有,4112,70,65,是,82,2,是,1,高风险
CUST1445,71,女,已婚,有,2307,38,63,否,52,1,否,0.5,中风险
CUST1446,86,女,已婚,无,6996,241,71,是,40,18,否,0.5,中风险
CUST1447,80,男,丧偶,无,9385,53,34,否,14,5,是,3,低风险
CUST1448,61,男,已婚,有,8491,400,68,是,60,8,否,3,高风险
CUST1449,84,女,丧偶,有,5605,18,12,否,9,0,否,3,低风险
CUST1450,73,男,已婚,有,3296,270,18,是,45,1,否,2,中风险
CUST1451,54,女,已婚,无,9276,234,19,否,16,18,否,3,低风险
CUST1452,57,女,未婚,无,8154,149,11,是,17,4,否,2,低风险
CUST1453,83,女,丧偶,无,6089,5,22,是,43,1,是,2,低风险
CUST1454,83,男,已婚,有,5120,19,55,是,27,1,是,2,低风险
CUST1455,60,女,丧偶,无,3781,33,30,否,75,26,否,1,高风险
CUST1456,79,女,离异,有,7705,447,78,否,60,1,否,1,高风险
CUST1457,58,男,丧偶,有,6537,13,60,否,66,7,是,2,高风险
CUST1458,63,男,已婚,有,2044,31,78,否,59,2,否,0.5,中风险
CUST1459,62,女,未婚,有,4531,21,36,否,39,0,否,1,中风险
CUST1460,74,男,已婚,有,4592,51,28,否,67,0,否,1,高风险
CUST1461,89,男,已婚,无,3351,56,19,是,82,4,否,0.5,高风险
CUST1462,73,男,已婚,无,9228,143,24,否,55,0,否,5,中风险
CUST1463,70,女,已婚,有,2520,73,27,是,37,5,否,0.5,中风险
CUST1464,82,女,离异,有,3681,9,70,否,92,7,否,1,低风险
CUST1465,77,女,已婚,有,4624,3,23,否,52,3,否,0.5,中风险
CUST1466,72,男,已婚,有,2428,46,70,否,53,1,否,3,中风险
CUST1467,75,男,离异,有,7480,8,69,否,95,11,否,2,高风险
CUST1468,69,女,已婚,无,8321,25,33,否,64,3,否,2,高风险
CUST1469,74,女,已婚,有,3129,4,46,否,98,24,是,3,高风险
CUST1470,59,男,已婚,有,3490,288,35,是,25,5,是,1,低风险
CUST1471,58,女,已婚,有,8915,328,24,是,75,1,否,0.5,高风险
CUST1472,63,女,已婚,无,4531,366,38,否,89,19,是,0.5,高风险
CUST1473,69,女,丧偶,无,5445,13,30,否,50,4,是,2,中风险
CUST1474,70,女,已婚,无,9081,48,74,是,72,0,是,2,高风险
CUST1475,80,女,已婚,无,3615,5,26,是,66,5,是,0.5,高风险
CUST1476,85,男,离异,有,4983,11,44,是,25,6,是,0.5,低风险
CUST1477,88,女,丧偶,有,8831,35,13,是,25,27,是,0.5,低风险
CUST1478,74,女,已婚,无,3167,91,14,否,18,9,否,2,低风险
CUST1479,70,男,丧偶,有,9304,236,60,否,63,2,否,0.5,高风险
CUST1480,58,女,已婚,有,5102,0,21,否,66,4,否,0.5,高风险
CUST1481,53,女,已婚,有,2198,61,58,否,38,24,是,1,低风险
CUST1482,80,女,丧偶,有,5151,63,79,否,77,19,否,2,高风险
CUST1483,85,女,已婚,有,3907,60,37,是,21,2,否,2,低风险
CUST1484,56,女,未婚,有,7375,85,22,否,41,9,否,1,中风险
CUST1485,60,女,已婚,无,5910,10,72,否,45,2,是,2,中风险
CUST1486,59,男,离异,有,7163,202,75,是,87,5,否,1,高风险
CUST1487,85,女,已婚,有,8630,77,40,否,55,9,否,5,中风险
CUST1488,60,男,离异,有,5433,2,40,是,79,29,否,0.5,高风险
CUST1489,56,男,丧偶,有,5384,24,66,是,84,0,否,2,高风险
CUST1490,64,女,离异,有,4877,53,75,是,98,0,否,1,高风险
CUST1491,80,女,已婚,有,2480,1,36,否,60,2,否,0.5,高风险
CUST1492,82,男,丧偶,有,4974,68,36,是,80,6,否,2,高风险
CUST1493,62,女,丧偶,有,5102,185,49,否,77,18,是,0.5,高风险
CUST1494,50,女,丧偶,有,5857,79,46,是,35,1,否,1,中风险
CUST1495,87,女,丧偶,有,8608,126,34,否,55,25,否,1,中风险
CUST1496,62,男,丧偶,有,5529,5,19,否,45,11,否,0.5,中风险
CUST1497,81,女,已婚,有,5551,118,59,否,23,5,是,1,低风险
CUST1498,77,女,已婚,有,4611,298,10,否,50,8,是,1,中风险
CUST1499,61,女,已婚,无,8795,30,34,是,19,10,否,2,低风险
CUST1500,82,男,已婚,有,4960,313,50,是,67,3,否,3,高风险
CUST1501,82,男,未婚,有,9142,52,42,否,49,0,否,0.5,中风险
CUST1502,76,男,丧偶,有,5117,30,26,是,67,2,否,2,高风险
CUST1503,85,男,未婚,无,7590,62,52,是,97,17,是,3,高风险
CUST1504,84,男,已婚,无,2955,3,22,否,58,8,否,0.5,低风险
CUST1505,68,女,离异,无,5050,48,31,否,43,9,否,1,中风险
CUST1506,79,女,离异,无,9959,199,12,否,23,5,否,3,低风险
CUST1507,53,男,丧偶,有,2190,19,68,否,22,7,是,2,低风险
CUST1508,76,男,丧偶,无,9168,185,49,否,70,3,否,0.5,高风险
CUST1509,51,男,已婚,有,5905,4,73,否,87,23,否,1,高风险
CUST1510,86,男,离异,有,4537,200,33,否,58,1,否,1,中风险
CUST1511,82,男,丧偶,有,8883,14,52,是,98,5,否,5,低风险
CUST1512,71,男,已婚,有,5522,78,53,否,22,12,是,0.5,低风险
CUST1513,61,女,已婚,无,4378,65,43,否,85,16,是,5,高风险
CUST1514,64,女,未婚,有,4673,183,20,否,26,9,否,1,低风险
CUST1515,86,男,离异,无,6167,30,42,否,93,6,否,0.5,高风险
CUST1516,80,男,未婚,有,7913,76,67,否,97,7,是,1,高风险
CUST1517,69,女,丧偶,有,9035,325,62,否,61,19,否,2,高风险
CUST1518,58,男,已婚,有,3378,96,41,是,0,28,否,0.5,低风险
CUST1519,70,男,已婚,有,5232,82,23,是,12,1,否,0.5,低风险
CUST1520,50,女,已婚,无,4547,288,36,否,98,2,是,3,高风险
CUST1521,83,男,已婚,有,6558,57,46,否,87,25,否,5,高风险
CUST1522,84,女,已婚,有,3755,431,18,是,42,0,是,1,中风险
CUST1523,56,女,已婚,无,9357,14,52,否,81,5,是,0.5,高风险
CUST1524,56,男,已婚,有,2871,10,10,是,68,7,是,3,高风险
CUST1525,70,男,未婚,无,2885,479,42,否,33,8,否,2,中风险
CUST1526,69,女,已婚,有,2989,6,78,否,29,3,是,0.5,低风险
CUST1527,83,男,离异,有,5104,44,49,否,58,14,否,5,中风险
CUST1528,53,男,丧偶,有,4825,446,11,是,6,1,否,0.5,低风险
CUST1529,79,女,已婚,有,3531,380,38,否,27,16,否,2,低风险
CUST1530,74,女,已婚,有,8489,362,27,否,21,0,否,1,低风险
CUST1531,79,男,已婚,无,9325,28,39,否,45,8,否,2,中风险
CUST1532,66,女,已婚,无,2066,64,33,否,78,7,否,0.5,高风险
CUST1533,55,男,丧偶,无,3098,36,40,否,67,12,否,2,高风险
CUST1534,61,女,已婚,有,5507,39,29,否,95,9,否,5,高风险
CUST1535,60,女,已婚,有,5990,333,11,是,83,0,是,1,高风险
CUST1536,69,女,已婚,有,4385,34,43,否,48,1,是,1,中风险
CUST1537,60,女,未婚,有,3248,48,43,否,61,2,否,0.5,高风险
CUST1538,76,女,离异,无,4501,23,43,否,1,8,否,3,低风险
CUST1539,83,男,丧偶,有,3610,357,44,是,55,17,否,5,中风险
CUST1540,57,女,已婚,有,3149,52,45,是,22,6,否,3,低风险
CUST1541,75,男,离异,有,5117,200,37,是,79,0,是,1,高风险
CUST1542,83,男,离异,无,7971,185,23,否,91,7,否,5,高风险
CUST1543,50,男,丧偶,有,5301,97,33,否,1,24,是,0.5,低风险
CUST1544,80,女,未婚,有,6116,52,60,否,53,1,否,1,中风险
CUST1545,74,女,已婚,有,3781,34,14,否,23,6,否,1,低风险
CUST1546,78,男,未婚,有,5521,24,34,是,51,6,否,1,中风险
CUST1547,51,男,未婚,有,3082,217,78,否,21,2,是,3,低风险
CUST1548,58,女,已婚,有,3848,10,46,否,49,17,否,2,中风险
CUST1549,84,男,已婚,无,9787,28,49,是,65,1,否,0.5,低风险
CUST1550,70,男,未婚,有,5508,21,10,否,90,11,否,1,高风险
CUST1551,87,女,已婚,无,2620,200,76,否,86,20,否,1,高风险
CUST1552,74,女,丧偶,无,4573,68,33,否,45,7,否,2,中风险
CUST1553,68,女,未婚,无,4624,389,34,是,11,9,否,0.5,低风险
CUST1554,82,男,丧偶,有,4362,8,36,否,46,0,否,0.5,低风险
CUST1555,66,男,已婚,有,9201,382,51,否,31,6,是,2,低风险
CUST1556,79,女,丧偶,无,5576,1,40,否,65,8,否,3,高风险
CUST1557,52,女,已婚,无,3058,0,17,是,99,24,否,5,高风险
CUST1558,70,女,丧偶,有,9363,38,66,是,14,15,否,5,低风险
CUST1559,60,女,已婚,无,9410,286,39,否,87,4,否,3,高风险
CUST1560,77,男,丧偶,有,3526,20,48,否,82,18,否,0.5,高风险
CUST1561,63,女,丧偶,有,3135,5,23,否,87,19,否,3,高风险
CUST1562,89,男,丧偶,有,8838,9,55,是,77,28,否,1,低风险
CUST1563,75,男,丧偶,有,2944,19,68,是,54,6,否,2,中风险
CUST1564,81,女,丧偶,有,4818,46,31,否,65,13,否,1,高风险
CUST1565,86,男,丧偶,无,6642,26,41,否,14,2,否,3,低风险
CUST1566,55,男,已婚,有,5469,68,77,否,55,9,否,1,中风险
CUST1567,87,女,丧偶,有,4918,166,49,否,10,6,否,0.5,低风险
CUST1568,79,女,已婚,有,5047,83,47,否,14,1,否,2,低风险
CUST1569,67,女,未婚,有,9393,339,59,是,32,25,否,0.5,低风险
CUST1570,67,男,已婚,有,4861,9,37,是,56,29,是,5,中风险
CUST1571,74,女,已婚,无,2246,133,19,否,52,0,是,1,中风险
CUST1572,87,男,丧偶,无,4390,45,43,是,62,6,是,2,高风险
CUST1573,71,男,已婚,无,5950,352,72,是,9,5,否,5,低风险
CUST1574,80,女,已婚,无,5024,264,49,否,17,1,是,2,低风险
CUST1575,53,女,丧偶,有,3153,21,39,否,23,19,是,1,低风险
CUST1576,63,女,丧偶,有,5230,86,25,是,9,3,是,0.5,低风险
CUST1577,68,男,丧偶,有,8016,81,11,是,87,13,否,1,高风险
CUST1578,79,女,已婚,有,9174,234,42,是,93,2,是,3,高风险
CUST1579,63,女,丧偶,无,3065,46,70,否,82,2,否,3,高风险
CUST1580,89,女,已婚,有,3462,453,72,是,62,2,是,5,高风险
CUST1581,88,女,丧偶,有,2133,312,18,是,54,15,否,0.5,中风险
CUST1582,67,男,丧偶,无,8216,379,14,否,43,27,否,0.5,中风险
CUST1583,56,男,丧偶,无,3983,328,43,是,65,18,否,0.5,高风险
CUST1584,87,女,已婚,无,6638,79,65,是,99,1,否,3,高风险
CUST1585,57,男,已婚,有,2066,58,43,是,66,0,否,0.5,高风险
CUST1586,70,男,已婚,有,3938,21,26,是,71,10,否,0.5,高风险
CUST1587,64,女,已婚,有,2152,8,39,是,0,7,是,2,低风险
CUST1588,69,女,已婚,有,4974,53,44,是,76,6,否,1,高风险
CUST1589,87,女,丧偶,有,4981,32,46,否,23,29,是,2,低风险
CUST1590,63,女,已婚,有,4894,220,13,是,45,4,否,1,中风险
CUST1591,63,女,未婚,无,6116,420,30,否,55,29,是,1,中风险
CUST1592,82,男,已婚,有,5413,446,21,否,41,4,否,1,中风险
CUST1593,77,男,离异,无,3811,33,33,否,90,4,否,3,高风险
CUST1594,67,男,丧偶,无,4750,6,26,是,52,2,否,1,中风险
CUST1595,65,男,已婚,有,3847,67,47,是,11,2,否,1,低风险
CUST1596,74,女,已婚,无,5854,88,66,否,43,13,否,1,中风险
CUST1597,76,男,丧偶,有,2190,317,59,否,98,5,否,0.5,高风险
CUST1598,80,女,已婚,有,5283,0,66,否,16,7,否,3,低风险
CUST1599,73,男,未婚,无,4190,36,45,是,63,1,是,0.5,高风险
CUST1600,74,男,丧偶,有,4799,79,47,否,14,22,否,5,低风险
CUST1601,66,男,未婚,无,5870,68,25,是,23,24,否,0.5,低风险
CUST1602,87,男,已婚,有,9504,106,10,否,72,15,否,3,高风险
CUST1603,67,男,丧偶,有,5591,52,10,否,4,7,否,3,低风险
CUST1604,70,男,丧偶,有,4592,96,43,是,48,5,是,2,中风险
CUST1605,71,男,丧偶,有,2215,8,62,否,51,2,是,2,中风险
CUST1606,51,女,已婚,有,5321,3,44,否,44,19,否,1,中风险
CUST1607,62,男,丧偶,无,8506,1,65,否,17,0,否,2,低风险
CUST1608,74,男,已婚,无,9191,9,62,否,79,5,否,0.5,高风险
CUST1609,77,女,丧偶,无,4558,240,11,否,31,6,否,1,中风险
CUST1610,79,男,已婚,有,4852,19,39,否,53,2,否,3,中风险
CUST1611,77,女,离异,无,2284,4,39,是,78,5,是,0.5,高风险
CUST1612,75,女,已婚,无,3887,8,77,否,30,4,是,3,低风险
CUST1613,83,男,离异,无,3943,325,43,是,59,14,是,1,中风险
CUST1614,61,女,离异,有,9001,427,59,否,37,9,否,1,低风险
CUST1615,85,男,离异,无,7331,54,60,是,85,9,是,5,高风险
CUST1616,79,女,丧偶,无,2722,83,31,否,14,16,否,2,低风险
CUST1617,88,男,已婚,有,7952,61,17,否,66,3,否,2,高风险
CUST1618,76,女,未婚,无,2143,327,10,否,56,8,是,2,中风险
CUST1619,71,男,已婚,有,4145,83,72,否,50,17,是,5,中风险
CUST1620,85,女,丧偶,有,2020,77,35,否,61,4,是,0.5,高风险
CUST1621,50,女,丧偶,有,3092,66,53,否,20,28,否,2,低风险
CUST1622,52,男,丧偶,有,2480,84,60,否,51,23,否,1,中风险
CUST1623,87,男,已婚,有,6167,8,28,否,53,2,是,0.5,低风险
CUST1624,86,女,丧偶,无,2304,24,54,是,87,18,否,0.5,低风险
CUST1625,59,女,离异,有,6898,10,46,否,60,18,否,1,高风险
CUST1626,78,男,已婚,无,4803,0,52,否,45,22,否,2,中风险
CUST1627,56,女,未婚,无,6143,58,33,否,0,0,否,3,低风险
CUST1628,59,女,已婚,有,5105,96,61,否,0,19,否,3,低风险
CUST1629,87,女,已婚,无,4026,10,42,否,73,1,否,2,低风险
CUST1630,67,男,已婚,无,3985,272,56,否,24,1,否,0.5,低风险
CUST1631,79,女,已婚,无,3532,99,29,是,73,8,是,0.5,高风险
CUST1632,71,男,未婚,无,4188,21,20,是,0,6,否,1,低风险
CUST1633,85,女,已婚,无,5914,11,23,否,50,19,否,2,低风险
CUST1634,70,女,已婚,无,6985,11,60,否,84,16,否,0.5,高风险
CUST1635,65,男,已婚,有,5858,13,52,是,54,8,否,1,中风险
CUST1636,68,女,丧偶,无,9836,4,31,否,55,20,否,5,中风险
CUST1637,72,男,丧偶,无,6847,420,63,否,73,2,是,2,高风险
CUST1638,86,女,已婚,有,2000,120,70,否,34,7,是,3,低风险
CUST1639,79,女,已婚,有,5133,65,65,否,54,16,是,2,中风险
CUST1640,83,女,离异,无,3781,77,30,否,51,8,否,0.5,中风险
CUST1641,72,男,已婚,有,4351,63,11,否,31,2,是,0.5,中风险
CUST1642,82,女,已婚,无,8294,63,19,否,26,16,是,3,低风险
CUST1643,69,男,已婚,有,3153,471,40,否,12,18,是,2,低风险
CUST1644,88,男,离异,有,2466,6,10,否,51,4,是,2,低风险
CUST1645,60,女,已婚,有,5279,394,52,否,66,3,是,0.5,高风险
CUST1646,57,男,丧偶,有,5045,336,25,否,58,1,是,2,中风险
CUST1647,85,男,已婚,无,2893,38,73,否,84,9,否,0.5,高风险
CUST1648,54,女,未婚,无,2950,37,75,否,88,1,是,0.5,高风险
CUST1649,80,男,已婚,无,8630,21,41,否,83,11,是,1,高风险
CUST1650,51,男,离异,有,5786,21,52,是,90,9,否,1,高风险
CUST1651,79,女,已婚,有,4171,354,40,否,32,2,否,0.5,中风险
CUST1652,73,男,已婚,无,2266,85,26,否,4,18,是,0.5,低风险
CUST1653,71,女,离异,无,4064,318,13,否,34,1,是,2,中风险
CUST1654,70,女,已婚,有,2466,52,12,否,96,3,否,2,高风险
CUST1655,87,女,离异,有,7996,5,77,否,59,2,是,1,低风险
CUST1656,57,女,未婚,有,3058,5,35,否,67,8,是,1,高风险
CUST1657,79,男,离异,无,7299,76,75,否,12,6,是,5,低风险
CUST1658,82,男,已婚,无,4847,65,60,是,29,4,是,0.5,低风险
CUST1659,55,女,离异,有,4901,392,47,否,60,3,否,0.5,高风险
CUST1660,62,女,已婚,有,2380,86,43,否,27,6,否,2,低风险
CUST1661,77,女,离异,无,6530,487,57,否,96,0,否,0.5,高风险
CUST1662,56,男,丧偶,有,7722,9,38,否,87,5,否,2,高风险
CUST1663,86,男,离异,有,2734,64,12,否,64,8,否,2,高风险
CUST1664,67,男,已婚,有,7163,14,62,否,11,1,否,5,低风险
CUST1665,60,女,丧偶,有,5605,470,70,否,22,3,否,3,低风险
CUST1666,73,男,已婚,有,6898,433,11,是,1,13,是,5,低风险
CUST1667,80,女,离异,无,2731,42,44,否,68,2,否,0.5,高风险
CUST1668,57,女,已婚,无,4561,11,23,否,17,2,否,3,低风险
CUST1669,76,男,丧偶,无,4246,92,38,否,18,2,是,0.5,低风险
CUST1670,76,女,离异,无,8838,95,50,是,77,0,否,2,高风险
CUST1671,89,男,丧偶,有,5723,252,17,是,95,5,否,2,高风险
CUST1672,84,女,已婚,无,4272,10,58,否,97,1,否,0.5,低风险
CUST1673,58,女,丧偶,有,3605,98,11,是,49,25,是,2,中风险
CUST1674,80,女,已婚,无,8179,48,41,是,54,4,否,0.5,中风险
CUST1675,62,女,已婚,无,5463,379,25,是,73,0,否,0.5,高风险
CUST1676,74,男,已婚,有,4966,88,45,否,44,16,否,5,中风险
CUST1677,50,男,已婚,有,3406,64,26,否,72,16,是,0.5,高风险
CUST1678,78,女,已婚,有,2978,15,55,是,33,1,是,0.5,低风险
CUST1679,80,男,丧偶,有,4873,108,61,是,63,2,否,1,高风险
CUST1680,50,男,已婚,有,8349,83,35,否,70,17,否,3,高风险
CUST1681,57,男,已婚,无,3160,382,27,否,81,11,否,0.5,高风险
CUST1682,86,女,未婚,无,6184,17,76,是,39,0,否,1,低风险
CUST1683,76,男,已婚,有,5867,15,28,否,61,23,否,3,高风险
CUST1684,53,女,丧偶,有,3526,11,21,否,95,7,否,0.5,高风险
CUST1685,51,女,离异,有,4615,3,76,否,66,0,是,1,高风险
CUST1686,87,男,未婚,无,8494,400,76,否,66,2,是,3,高风险
CUST1687,83,男,丧偶,有,5908,183,21,否,99,1,否,1,高风险
CUST1688,87,男,丧偶,有,3683,0,44,否,77,4,否,3,低风险
CUST1689,53,女,离异,有,3212,81,45,否,56,2,否,0.5,中风险
CUST1690,67,男,已婚,有,9836,88,33,否,82,6,否,5,高风险
CUST1691,70,男,离异,有,2545,91,44,否,25,6,是,5,低风险
CUST1692,85,男,已婚,无,5854,0,76,是,91,9,否,0.5,低风险
CUST1693,84,女,未婚,有,4981,336,38,否,66,2,否,0.5,高风险
CUST1694,51,男,已婚,无,4568,56,36,否,54,2,否,5,中风险
CUST1695,89,女,丧偶,有,3781,43,57,是,70,7,是,1,高风险
CUST1696,72,女,已婚,无,5731,15,25,否,46,1,否,2,中风险
CUST1697,57,男,丧偶,无,7577,0,39,是,66,2,否,2,高风险
CUST1698,80,女,已婚,有,4596,245,49,是,91,7,否,3,高风险
CUST1699,79,男,离异,有,4831,465,34,是,73,7,否,3,高风险
CUST1700,64,女,离异,有,4246,6,75,否,91,2,是,0.5,高风险
CUST1701,72,女,已婚,无,7705,390,71,是,68,1,是,0.5,高风险
CUST1702,85,女,离异,有,6719,0,42,否,79,13,是,3,低风险
CUST1703,86,男,离异,无,7601,495,53,否,96,2,否,3,高风险
CUST1704,79,男,丧偶,有,2929,12,52,否,56,2,否,2,中风险
CUST1705,82,男,已婚,无,4520,362,21,是,13,0,否,5,低风险
CUST1706,81,男,已婚,无,4916,1,48,否,70,3,是,2,低风险
CUST1707,60,男,已婚,无,5468,165,63,否,84,12,否,0.5,高风险
CUST1708,61,男,已婚,有,5807,16,17,否,7,25,否,3,低风险
CUST1709,56,男,未婚,有,5245,0,30,否,64,20,是,1,高风险
CUST1710,76,男,已婚,无,7996,28,31,否,4,2,否,0.5,低风险
CUST1711,87,女,离异,有,6859,60,63,否,0,6,是,1,低风险
CUST1712,81,女,已婚,有,9680,34,47,否,43,6,是,3,中风险
CUST1713,88,男,丧偶,有,4651,296,23,是,61,14,是,5,高风险
CUST1714,56,男,离异,有,3122,499,51,否,4,16,否,0.5,低风险
CUST1715,60,男,离异,有,3657,427,19,否,96,12,否,0.5,高风险
CUST1716,62,女,已婚,有,8630,136,24,否,50,4,是,2,中风险
CUST1717,54,男,已婚,有,2946,3,52,否,22,29,否,3,低风险
CUST1718,80,女,已婚,无,7480,9,20,否,37,6,否,2,中风险
CUST1719,72,女,已婚,无,3657,62,18,否,72,0,否,2,高风险
CUST1720,78,女,已婚,无,5223,68,27,是,93,28,是,2,高风险
CUST1721,53,女,已婚,无,4001,65,37,是,85,29,否,0.5,高风险
CUST1722,87,女,已婚,有,3612,15,26,是,99,2,否,1,低风险
CUST1723,53,女,丧偶,有,7577,48,32,否,54,5,是,0.5,中风险
CUST1724,89,女,已婚,有,3519,264,58,否,64,18,是,3,高风险
CUST1725,83,女,已婚,有,6723,213,10,否,77,16,否,0.5,高风险
CUST1726,62,女,已婚,无,2000,13,34,否,91,0,是,2,高风险
CUST1727,74,女,丧偶,有,6545,9,38,否,95,1,否,0.5,高风险
CUST1728,81,女,离异,有,9270,27,60,否,47,3,是,1,低风险
CUST1729,65,男,丧偶,有,2324,88,29,否,49,2,否,0.5,中风险
CUST1730,56,男,离异,有,5731,17,59,否,60,8,是,1,高风险
CUST1731,76,男,已婚,无,9237,93,44,否,91,28,是,0.5,高风险
CUST1732,76,男,丧偶,有,4371,440,40,是,90,26,是,3,高风险
CUST1733,71,男,已婚,无,7357,5,47,否,28,13,否,1,低风险
CUST1734,85,男,已婚,有,5938,13,64,否,63,1,否,2,低风险
CUST1735,82,女,丧偶,有,3307,149,55,是,52,0,是,1,中风险
CUST1736,74,男,离异,无,3215,12,43,否,67,5,是,1,高风险
CUST1737,79,女,已婚,有,4585,465,53,否,43,9,否,1,中风险
CUST1738,77,男,丧偶,无,5722,80,45,否,59,0,否,5,中风险
CUST1739,63,男,丧偶,无,2020,50,41,是,64,3,否,1,高风险
CUST1740,82,女,已婚,无,3726,17,35,否,58,9,是,0.5,低风险
CUST1741,53,女,已婚,无,2133,19,46,否,35,1,否,5,中风险
CUST1742,84,男,已婚,有,2685,290,30,是,91,8,否,0.5,高风险
CUST1743,74,女,已婚,无,6147,265,79,否,69,19,否,3,高风险
CUST1744,61,女,已婚,有,6486,85,68,是,23,1,否,0.5,低风险
CUST1745,59,男,已婚,无,4566,8,43,是,23,9,是,2,低风险
CUST1746,88,男,已婚,无,5591,48,21,是,40,1,是,0.5,中风险
CUST1747,75,女,丧偶,无,8728,1,68,是,63,1,否,5,高风险
CUST1748,70,女,丧偶,无,8223,422,18,否,59,1,否,2,中风险
CUST1749,74,女,未婚,有,2978,11,58,是,37,3,否,1,低风险
CUST1750,82,女,已婚,无,5521,419,42,否,53,5,否,0.5,中风险
CUST1751,55,男,离异,无,2840,60,41,否,29,1,否,1,低风险
CUST1752,73,男,离异,无,5039,31,12,否,79,3,否,2,高风险
CUST1753,51,男,丧偶,无,5253,21,47,否,87,8,否,1,高风险
CUST1754,52,女,已婚,有,8216,18,24,否,74,23,是,0.5,高风险
CUST1755,58,女,离异,有,4624,72,13,否,99,0,是,2,高风险
CUST1756,87,女,已婚,有,2380,470,44,是,8,0,否,1,低风险
CUST1757,51,男,已婚,无,4585,14,34,否,95,6,是,0.5,高风险
CUST1758,89,男,丧偶,有,4918,50,11,否,82,10,是,0.5,高风险
CUST1759,50,女,丧偶,有,3554,6,27,否,87,3,是,2,高风险
CUST1760,87,女,已婚,有,4972,494,28,是,98,26,是,5,高风险
CUST1761,87,女,未婚,无,7364,215,75,否,45,5,是,0.5,中风险
CUST1762,77,男,丧偶,有,2872,88,58,否,30,9,否,3,低风险
CUST1763,55,女,已婚,有,8941,65,74,否,76,18,否,0.5,高风险
CUST1764,83,男,未婚,有,2541,21,13,否,2,2,否,1,低风险
CUST1765,71,女,已婚,有,9120,56,28,是,9,16,否,1,低风险
CUST1766,84,男,未婚,有,9959,53,38,否,83,2,否,0.5,高风险
CUST1767,54,女,丧偶,有,3519,111,34,是,47,0,是,1,中风险
CUST1768,76,男,已婚,有,8497,10,36,是,91,6,否,3,高风险
CUST1769,64,女,离异,无,6067,246,76,否,19,1,是,5,低风险
CUST1770,62,女,丧偶,无,7357,12,17,是,8,8,否,0.5,低风险
CUST1771,84,男,离异,有,2057,68,29,是,77,17,否,0.5,高风险
CUST1772,65,男,未婚,无,8334,270,52,是,41,4,否,5,中风险
CUST1773,65,男,离异,有,5858,427,27,否,69,5,否,0.5,高风险
CUST1774,65,男,丧偶,无,4500,21,16,否,38,2,否,2,中风险
CUST1775,66,女,离异,无,8506,405,46,否,64,2,否,0.5,高风险
CUST1776,72,男,丧偶,有,9683,7,36,否,67,18,是,1,高风险
CUST1777,73,女,已婚,有,3871,62,13,是,69,8,否,0.5,高风险
CUST1778,78,女,离异,有,5508,19,72,否,94,6,否,3,高风险
CUST1779,69,女,已婚,有,4458,1,28,否,22,9,是,3,低风险
CUST1780,50,男,丧偶,无,8415,32,44,是,65,9,是,0.5,高风险
CUST1781,89,男,离异,有,4894,123,37,是,52,0,否,3,中风险
CUST1782,85,女,丧偶,有,9598,35,29,是,53,4,是,1,中风险
CUST1783,54,女,丧偶,有,3291,313,35,否,62,27,是,0.5,高风险
CUST1784,87,男,离异,有,9795,16,70,否,44,5,否,3,低风险
CUST1785,55,男,已婚,有,7357,3,30,否,32,23,是,2,中风险
CUST1786,74,女,离异,有,4501,28,13,是,33,0,否,0.5,中风险
CUST1787,52,女,已婚,无,4012,45,40,是,58,0,否,0.5,中风险
CUST1788,87,男,已婚,有,3677,19,18,否,41,29,否,5,低风险
CUST1789,72,男,已婚,有,8828,18,77,否,66,22,是,3,高风险
CUST1790,66,女,丧偶,无,4693,97,19,是,95,0,否,3,高风险
CUST1791,65,男,丧偶,有,4545,267,70,是,92,2,否,0.5,高风险
CUST1792,75,男,离异,无,9702,53,66,是,32,8,是,3,低风险
CUST1793,81,女,已婚,无,5128,454,70,是,85,2,是,0.5,高风险
CUST1794,53,女,已婚,有,3398,45,26,是,63,7,否,5,高风险
CUST1795,69,男,已婚,有,3030,6,72,否,20,27,是,0.5,低风险
CUST1796,88,女,已婚,有,3174,72,72,否,27,9,是,1,低风险
CUST1797,62,女,丧偶,有,5820,8,20,否,48,9,是,1,中风险
CUST1798,61,女,已婚,有,5181,80,53,否,18,11,是,3,低风险
CUST1799,79,女,已婚,有,5907,325,19,是,9,2,是,3,低风险
CUST1800,60,女,已婚,有,4888,366,35,是,18,0,否,1,低风险
CUST1801,56,男,已婚,有,8334,3,44,否,12,3,否,2,低风险
CUST1802,76,女,已婚,无,3932,15,25,否,66,2,是,3,高风险
CUST1803,81,女,已婚,有,2648,24,38,是,51,29,否,0.5,低风险
CUST1804,81,女,丧偶,有,2307,446,45,否,68,5,否,3,高风险
CUST1805,81,女,离异,有,5301,14,78,否,73,6,否,5,低风险
CUST1806,73,男,丧偶,无,8795,463,68,是,69,0,否,0.5,高风险
CUST1807,81,女,未婚,有,4549,142,54,是,97,12,否,0.5,高风险
CUST1808,73,女,已婚,无,5370,51,78,否,11,3,否,1,低风险
CUST1809,58,男,丧偶,有,3122,47,47,否,50,5,否,0.5,中风险
CUST1810,72,女,未婚,无,2664,2,65,是,54,22,否,1,中风险
CUST1811,87,男,已婚,有,3542,366,20,是,88,6,是,2,高风险
CUST1812,71,男,未婚,有,9618,317,43,否,2,12,是,2,低风险
CUST1813,60,男,已婚,有,2520,93,48,是,85,9,否,0.5,高风险
CUST1814,78,男,已婚,有,3187,46,33,否,65,8,否,2,高风险
CUST1815,58,男,已婚,有,3307,64,15,否,81,4,否,2,高风险
CUST1816,57,女,丧偶,有,9720,200,59,是,65,25,否,5,高风险
CUST1817,52,男,丧偶,无,5500,94,37,是,89,4,是,0.5,高风险
CUST1818,74,女,丧偶,无,6566,72,13,否,43,13,否,2,中风险
CUST1819,80,女,已婚,有,4750,325,78,是,79,4,是,5,高风险
CUST1820,68,女,已婚,有,4378,81,63,是,23,6,是,1,低风险
CUST1821,52,女,已婚,有,2220,41,17,否,54,9,否,1,中风险
CUST1822,86,男,已婚,无,5898,95,50,是,71,23,是,0.5,高风险
CUST1823,88,女,未婚,有,2344,341,34,否,87,7,否,3,高风险
CUST1824,86,男,已婚,无,3390,18,53,是,77,3,否,1,低风险
CUST1825,50,女,离异,有,2346,265,31,否,79,10,是,5,高风险
CUST1826,72,女,离异,有,3628,43,47,是,76,0,否,3,高风险
CUST1827,72,男,已婚,无,4974,10,71,否,51,29,否,1,中风险
CUST1828,70,男,丧偶,无,5391,240,30,否,86,0,是,2,高风险
CUST1829,85,女,已婚,有,3353,52,40,是,76,2,是,0.5,高风险
CUST1830,58,女,已婚,有,4896,97,47,否,77,0,否,0.5,高风险
CUST1831,64,女,已婚,无,2622,0,26,否,27,28,否,2,低风险
CUST1832,58,男,丧偶,有,4852,1,41,否,69,9,是,2,高风险
CUST1833,50,女,已婚,无,3876,205,20,否,22,2,是,1,低风险
CUST1834,59,男,丧偶,有,9201,18,17,否,49,1,否,3,中风险
CUST1835,85,女,丧偶,无,5047,392,29,是,56,29,否,0.5,中风险
CUST1836,85,女,已婚,无,5384,66,44,否,73,0,是,1,高风险
CUST1837,83,女,丧偶,有,8869,18,66,是,5,7,否,1,低风险
CUST1838,83,女,离异,无,7177,4,34,否,76,9,否,1,低风险
CUST1839,75,男,已婚,有,5229,261,21,否,11,8,否,5,低风险
CUST1840,81,女,已婚,有,5683,499,45,是,84,3,是,2,高风险
CUST1841,78,女,丧偶,有,4125,24,20,是,30,24,否,1,中风险
CUST1842,69,男,已婚,有,5898,68,70,否,37,2,是,1,低风险
CUST1843,68,女,丧偶,无,6077,436,44,否,14,22,否,0.5,低风险
CUST1844,81,男,已婚,有,3779,30,33,否,53,2,否,1,中风险
CUST1845,51,女,已婚,有,2271,128,56,是,42,18,否,2,中风险
CUST1846,67,女,已婚,有,3683,76,37,否,69,9,否,5,高风险
CUST1847,88,女,已婚,有,3657,30,26,是,66,9,否,3,高风险
CUST1848,70,男,丧偶,有,4842,6,41,是,78,2,否,1,高风险
CUST1849,84,女,已婚,无,4000,22,62,是,54,7,是,1,低风险
CUST1850,88,女,离异,无,6824,83,78,是,54,3,否,0.5,中风险
CUST1851,82,女,离异,无,4894,1,31,否,47,21,是,0.5,低风险
CUST1852,84,男,丧偶,有,3726,12,61,否,66,7,是,1,低风险
CUST1853,56,男,离异,有,5905,24,37,否,24,3,否,1,低风险
CUST1854,61,女,已婚,有,7215,16,41,是,87,14,否,0.5,高风险
CUST1855,68,男,已婚,有,2153,13,38,否,40,28,否,2,中风险
CUST1856,51,女,丧偶,有,4872,240,66,否,26,3,否,2,低风险
CUST1857,85,女,已婚,有,6847,88,63,是,98,1,否,0.5,高风险
CUST1858,87,女,丧偶,有,5605,32,61,否,52,3,否,3,中风险
CUST1859,85,女,已婚,无,5105,358,17,否,12,19,是,0.5,低风险
CUST1860,52,女,丧偶,有,3248,288,17,否,52,8,否,1,中风险
CUST1861,62,男,离异,有,4236,33,25,否,94,25,否,3,高风险
CUST1862,57,男,离异,有,3174,11,18,否,14,4,是,1,低风险
CUST1863,72,男,丧偶,有,6665,93,30,是,53,27,是,5,中风险
CUST1864,87,男,丧偶,无,5624,96,68,否,17,4,否,0.5,低风险
CUST1865,88,女,丧偶,有,5458,206,31,是,41,13,是,2,中风险
CUST1866,70,女,丧偶,有,9672,13,75,否,89,11,是,2,高风险
CUST1867,57,女,已婚,有,3065,57,42,否,70,18,是,2,高风险
CUST1868,62,女,已婚,有,5146,72,33,否,5,26,是,3,低风险
CUST1869,71,女,已婚,有,4460,22,31,否,26,1,否,2,低风险
CUST1870,86,女,未婚,无,4891,83,35,否,10,2,否,3,低风险
CUST1871,70,女,已婚,无,5380,86,11,是,2,5,是,0.5,低风险
CUST1872,68,女,丧偶,无,8971,333,49,否,45,8,否,1,中风险
CUST1873,52,男,丧偶,有,4170,64,52,否,51,6,是,2,中风险
CUST1874,54,男,丧偶,无,2955,379,40,否,45,2,否,2,中风险
CUST1875,70,男,丧偶,有,9959,9,30,否,78,1,否,5,高风险
CUST1876,50,女,已婚,有,3205,83,52,是,54,5,否,0.5,中风险
CUST1877,57,女,丧偶,无,5957,91,32,是,92,0,否,1,高风险
CUST1878,88,男,离异,有,4610,412,52,否,90,5,否,2,高风险
CUST1879,74,女,已婚,有,5463,15,46,否,90,9,否,3,高风险
CUST1880,86,女,已婚,无,4574,12,39,是,48,9,否,5,低风险
CUST1881,57,男,丧偶,有,3657,9,37,否,72,1,否,1,高风险
CUST1882,55,男,离异,有,4534,499,13,否,41,23,否,0.5,中风险
CUST1883,76,女,已婚,有,4451,421,29,是,72,19,否,1,高风险
CUST1884,56,男,离异,无,4976,18,10,否,9,24,否,1,低风险
CUST1885,67,男,离异,无,3462,4,40,否,98,1,是,5,高风险
CUST1886,73,女,已婚,无,4386,440,68,否,57,2,否,1,中风险
CUST1887,73,女,未婚,有,9948,69,69,否,33,1,是,1,低风险
CUST1888,62,女,离异,有,2648,106,47,否,23,3,是,1,低风险
CUST1889,82,男,离异,有,2937,12,11,否,73,5,是,1,低风险
CUST1890,79,男,丧偶,有,2944,66,12,是,9,19,否,3,低风险
CUST1891,52,女,已婚,有,5317,11,11,是,60,13,否,0.5,高风险
CUST1892,67,女,已婚,有,5731,16,19,否,37,0,否,1,中风险
CUST1893,80,女,已婚,有,2892,37,30,否,78,7,否,5,高风险
CUST1894,81,男,已婚,无,5722,24,28,是,53,6,否,0.5,低风险
CUST1895,79,女,已婚,有,6545,427,73,否,34,6,否,2,低风险
CUST1896,68,男,离异,有,5576,302,39,是,16,29,否,1,低风险
CUST1897,59,男,离异,有,9410,22,75,否,55,0,否,2,中风险
CUST1898,86,男,丧偶,无,8134,79,49,是,78,2,是,0.5,高风险
CUST1899,85,男,离异,无,8959,48,45,否,80,23,否,1,高风险
CUST1900,60,女,离异,无,8079,7,65,否,40,11,否,1,中风险
CUST1901,73,女,已婚,无,9225,10,39,是,28,1,否,0.5,低风险
CUST1902,60,男,已婚,有,6545,15,22,否,51,25,否,1,中风险
CUST1903,86,女,丧偶,有,2893,33,17,否,9,9,否,0.5,低风险
CUST1904,84,男,丧偶,有,5319,0,40,是,72,2,否,2,低风险
CUST1905,77,女,已婚,有,5105,120,50,是,54,5,否,5,中风险
CUST1906,68,女,丧偶,有,4294,18,34,是,65,2,否,0.5,高风险
CUST1907,71,男,已婚,有,3140,57,46,是,8,0,是,0.5,低风险
CUST1908,58,女,丧偶,无,8828,61,46,否,33,14,否,3,中风险
CUST1909,72,男,离异,无,5155,322,57,否,89,9,否,2,高风险
CUST1910,63,男,丧偶,无,2547,21,47,否,95,13,否,0.5,高风险
CUST1911,50,男,未婚,无,5110,35,30,否,64,27,否,1,高风险
CUST1912,87,女,离异,无,8585,46,52,是,97,6,是,0.5,高风险
CUST1913,56,女,未婚,有,2198,200,47,是,99,0,是,0.5,高风险
CUST1914,72,男,未婚,有,4534,11,40,否,55,9,否,5,中风险
CUST1915,85,女,离异,无,5058,48,37,是,74,9,否,3,高风险
CUST1916,54,女,丧偶,无,6365,80,35,是,34,23,是,2,中风险
CUST1917,84,女,已婚,有,4894,6,30,否,63,2,是,0.5,低风险
CUST1918,75,女,已婚,无,2701,48,78,是,72,8,否,0.5,高风险
CUST1919,51,女,丧偶,有,4852,74,10,否,36,16,是,3,中风险
CUST1920,65,男,已婚,有,4250,10,20,是,13,19,是,0.5,低风险
CUST1921,50,男,已婚,无,3811,305,33,否,25,18,是,1,低风险
CUST1922,55,女,未婚,有,5857,29,20,否,45,25,否,0.5,中风险
CUST1923,80,男,离异,有,5110,52,61,否,44,0,否,2,中风险
CUST1924,78,女,离异,有,7341,0,61,是,86,7,是,0.5,高风险
CUST1925,83,女,已婚,无,9504,52,32,否,92,2,否,1,高风险
CUST1926,55,男,已婚,有,3212,65,34,否,12,2,是,3,低风险
CUST1927,58,男,已婚,无,4124,79,77,否,10,1,是,2,低风险
CUST1928,74,男,已婚,有,3943,403,29,否,12,6,是,0.5,低风险
CUST1929,85,女,已婚,有,8491,32,78,否,23,7,是,2,低风险
CUST1930,51,男,已婚,无,5117,372,35,是,60,6,是,0.5,高风险
CUST1931,89,男,未婚,有,9081,200,52,否,90,3,是,1,高风险
CUST1932,89,男,丧偶,无,3013,200,36,否,99,5,否,2,高风险
CUST1933,77,男,已婚,有,5118,0,62,否,82,2,否,0.5,高风险
CUST1934,79,女,已婚,无,8179,65,47,是,37,0,否,1,中风险
CUST1935,62,男,丧偶,有,7744,72,58,否,34,1,否,2,低风险
CUST1936,79,女,已婚,有,9787,35,30,否,5,2,是,5,低风险
CUST1937,71,男,未婚,有,4424,13,33,是,95,0,否,1,高风险
CUST1938,62,男,已婚,有,3692,67,50,是,93,5,是,0.5,高风险
CUST1939,84,女,已婚,无,3935,54,18,是,58,4,否,1,中风险
CUST1940,69,男,已婚,有,6116,305,15,否,13,8,是,1,低风险
CUST1941,80,女,已婚,有,4115,76,69,是,23,13,否,1,低风险
CUST1942,57,女,丧偶,有,3847,75,41,否,26,2,否,1,低风险
CUST1943,75,男,丧偶,有,4877,177,43,否,75,10,是,2,高风险
CUST1944,78,女,丧偶,无,5641,1,48,否,26,0,否,0.5,低风险
CUST1945,67,男,已婚,有,5102,52,48,否,9,27,是,0.5,低风险
CUST1946,78,男,丧偶,无,2599,93,13,是,99,6,否,1,高风险
CUST1947,85,女,丧偶,无,4129,80,47,是,75,1,否,1,高风险
CUST1948,88,女,离异,无,6912,20,27,否,18,2,是,5,低风险
CUST1949,74,女,已婚,有,2950,419,76,是,97,13,是,1,高风险
CUST1950,59,女,已婚,无,4861,354,58,是,39,23,是,3,低风险
CUST1951,68,女,丧偶,无,5958,61,28,否,33,7,否,3,中风险
CUST1952,70,男,丧偶,无,5259,120,68,否,1,23,是,3,低风险
CUST1953,60,男,已婚,有,8630,21,43,否,9,1,否,0.5,低风险
CUST1954,58,女,已婚,无,4285,28,23,是,47,4,否,5,中风险
CUST1955,66,男,已婚,无,2871,478,50,否,74,2,是,0.5,高风险
CUST1956,73,女,离异,无,5826,28,20,是,42,21,否,0.5,中风险
CUST1957,74,女,已婚,有,4520,93,26,否,66,3,否,1,高风险
CUST1958,80,男,未婚,有,3836,14,62,否,60,0,是,0.5,高风险
CUST1959,80,女,丧偶,无,6824,6,45,否,94,1,否,0.5,高风险
CUST1960,63,女,未婚,有,9001,67,45,是,73,1,否,0.5,高风险
CUST1961,79,男,离异,无,5067,309,59,否,4,16,否,0.5,低风险
CUST1962,82,女,已婚,有,4105,6,71,是,63,8,是,2,低风险
CUST1963,88,女,离异,有,3944,14,31,是,16,0,是,0.5,低风险
CUST1964,56,男,已婚,有,5821,434,12,否,54,0,否,1,中风险
CUST1965,83,女,未婚,有,3411,21,49,是,89,5,否,5,低风险
CUST1966,54,女,丧偶,无,8134,373,39,否,61,5,否,1,高风险
CUST1967,76,男,已婚,无,5340,382,40,否,60,19,是,2,高风险
CUST1968,75,女,丧偶,无,2000,12,39,否,91,29,否,5,高风险
CUST1969,67,男,未婚,有,3191,19,13,否,60,2,否,0.5,高风险
CUST1970,75,女,已婚,无,8635,10,13,否,11,2,是,1,低风险
CUST1971,79,女,丧偶,无,4382,8,28,否,59,5,是,3,中风险
CUST1972,83,男,丧偶,有,5635,457,62,是,48,16,否,5,中风险
CUST1973,87,男,离异,有,2790,293,27,否,75,13,否,2,高风险
CUST1974,72,女,已婚,无,5820,4,42,否,0,6,否,0.5,低风险
CUST1975,85,女,已婚,无,2547,235,27,否,33,5,否,5,中风险
CUST1976,83,女,已婚,无,9767,80,35,否,67,1,否,0.5,高风险
CUST1977,64,男,丧偶,有,4188,64,35,否,42,0,是,1,中风险
CUST1978,60,女,已婚,无,9385,183,45,是,86,2,否,1,高风险
CUST1979,70,女,未婚,有,5205,13,32,是,81,12,否,1,高风险
CUST1980,56,女,已婚,有,6665,246,23,否,50,20,否,3,中风险
CUST1981,52,男,丧偶,有,9795,6,12,否,46,29,是,3,中风险
CUST1982,84,女,已婚,有,2620,6,50,否,99,7,否,2,低风险
CUST1983,61,女,已婚,有,2734,71,49,否,44,24,否,0.5,中风险
CUST1984,86,男,已婚,有,6407,48,11,是,36,8,是,2,中风险
CUST1985,72,女,已婚,无,6091,1,39,否,82,10,是,2,高风险
CUST1986,54,男,丧偶,无,3544,16,24,否,4,2,否,1,低风险
CUST1987,53,女,未婚,有,3291,63,68,否,96,23,否,5,高风险
CUST1988,87,女,丧偶,无,4610,401,20,否,52,4,否,3,中风险
CUST1989,88,男,未婚,有,6805,405,38,否,16,26,否,2,低风险
CUST1990,89,女,离异,有,5840,83,72,否,64,6,是,0.5,高风险
CUST1991,52,女,丧偶,无,5436,68,39,否,76,0,否,2,高风险
CUST1992,69,男,离异,有,2466,34,39,否,0,8,否,5,低风险
CUST1993,65,女,丧偶,有,9795,85,56,否,37,0,否,1,低风险
CUST1994,72,女,已婚,有,3935,52,65,否,86,6,否,3,高风险
CUST1995,76,女,丧偶,有,3942,5,42,否,61,1,否,1,高风险
CUST1996,87,男,已婚,无,6824,183,49,否,60,25,是,2,高风险
CUST1997,77,女,丧偶,有,4998,52,73,否,70,17,是,2,高风险
CUST1998,70,女,丧偶,有,5380,2,20,否,39,22,是,2,中风险
CUST1999,85,男,已婚,有,4247,52,32,是,63,9,是,3,高风险
CUST2000,86,男,已婚,有,4247,52,32,是,63,9,是,4,高风险
